[Free US Ground shipping on orders $99 or more. Use code **FREESHIP**.](https://www.pantone.com/promotions)

[HomePage](https://www.pantone.com/)[LICENSING](https://www.pantone.com/license)For Consumer Products

![Pantone Business Licensing for Consumer Products](https://www.pantone.com/media/wysiwyg/pantone-licensing-main-image.jpg?auto=webp&format=pjpg&quality=85)

# Business Licensing for Consumer Products

## **Bring color to life with Pantone-branded products**

Color is a vital affirmation of who we are, and living with our favorite colors is the utmost form of self-expression. Pantone’s universal language of color is the ultimate way to describe and choose the colors we surround ourselves with every day.

Pantone licenses our globally known marks, PANTONE and the iconic Pantone Color Chip, as well as our proprietary Pantone Color names and numbers, to consumer brands and retailers. Our licensees translate Pantone into products, such as apparel, accessories, beauty products, stationery, publishing, back-to-school essentials, and home goods.

[Become a Licensee](https://www.pantone.com/license/become-a-licensee)

[![Limited Edition Set, Pantone Color of the Year 2020 Classic Blue Mug & Journal](https://www.pantone.com/media/wysiwyg/2020-004-pantone-coy-2020-classic-blue-limited-edition-set-mug-notebook_1.jpg?auto=webp&format=pjpg&quality=85)Limited Edition Set, Pantone Color of the Year 2020 Classic Blue Mug & Journal](https://www.pantone.com/limited-edition-set-pantone-color-of-the-year-2020-classic-blue-mug-journal "")

## **Pantone’s Collection of Consumer Products**

Pantone offers a fun selection of lifestyle products, including notebooks, mugs, gifts, personal items, and desk accessories featuring Pantone branding, each available in a range of popular colors. We also develop limited-edition products celebrating the Pantone Color of the Year™.

[![TALENS | PANTONE MARKER 9 SET](<Base64-Image-Removed>)![TALENS | PANTONE MARKER 9 SET](https://www.pantone.com/media/catalog/product/t/a/talens-pantone-marker-9-set.webp?quality=95&height=375&width=840&canvas=307%3A307&auto=webp&format=pjpg&fit=cover)](https://www.pantone.com/products/lifestyle/talens-pantone-marker-9-set)[TALENS \| PANTONE MARKER 9 SET](https://www.pantone.com/products/lifestyle/talens-pantone-marker-9-set)

$ 76.95

[![TALENS | PANTONE ART PAD](<Base64-Image-Removed>)![TALENS | PANTONE ART PAD](https://www.pantone.com/media/catalog/product/r/o/royal-talens-pantone-art-pad-group-image-1.webp?quality=95&height=375&width=840&canvas=307%3A307&auto=webp&format=pjpg&fit=cover)](https://www.pantone.com/products/lifestyle/talens-pantone-art-pad)[TALENS \| PANTONE ART PAD](https://www.pantone.com/products/lifestyle/talens-pantone-art-pad)

$ 29.95

[![Pantone Tritan Drinking Bottle](<Base64-Image-Removed>)![Pantone Tritan Drinking Bottle](https://www.pantone.com/media/catalog/product/p/a/pantone-tritan-bottle-group-product.jpg?quality=95&height=375&width=840&canvas=307%3A307&auto=webp&format=pjpg&fit=cover)](https://www.pantone.com/products/lifestyle/pantone-tritan-drinking-bottle)[Pantone Tritan Drinking Bottle](https://www.pantone.com/products/lifestyle/pantone-tritan-drinking-bottle)

$ 33.00

[![Pantone To Go Cup](<Base64-Image-Removed>)![Pantone To Go Cup](https://www.pantone.com/media/catalog/product/2/0/2017-pantone-lifestyle-thermo-to-go-cups-group-cat-page-1.jpg?quality=95&height=375&width=840&canvas=307%3A307&auto=webp&format=pjpg&fit=cover)](https://www.pantone.com/products/lifestyle/pantone-to-go-cup)[Pantone To Go Cup](https://www.pantone.com/products/lifestyle/pantone-to-go-cup)

$ 49.00

[Shop Pantone Lifestyle Products](https://www.pantone.com/product-line/pantone-lifestyle)

PANTONE

![](https://legacy.pantone.com/images/icons/loading.gif)

# Consumer Licensees

### Apparel & Accessories

* * *

Afternoon SAS

174 rue du Docteur Jean Michel

Lons-le-Saunier 39 000

FRANCE

\+ 33 3 8818 2480

[www.afternoon-eyewear.com](http://www.afternoon-eyewear.com/ "www.afternoon-eyewear.com")

Eyewear

Akel Grup Tekstil Gida Insaat Sanayi Ticaret Anonim Sirketi

Ahmet Vefik Pasa Mah. Kestel Organize Sanayi Bolgesi

Hersek Caddesi N:4/1 Kestel

Bursa

TURKEY

Women's scarves

Bershka BSK España SA

Pol Inditex Carretera Tordera - Palafolls PK 06

Tordera 8490

SPAIN

\+ 34 93 766 7698

[www.bershka.com](http://www.bershka.com/ "www.bershka.com")

Apparel & accessories

Brex SA

Corso San Gottardo 46/H

Chiasso 6830

SWITZERLAND

\+ 41 91 697 5090

[www.brex-sa.com](http://www.brex-sa.com/ "www.brex-sa.com")

Footwear

Cariuma Central Pte. Ltd.

135 Cecil Street

#10-01 MYP Plaza

Singapore 69536

SINGAPORE

31 029 31032

[www.cariuma.com](http://www.cariuma.com/ "www.cariuma.com")

Footwear

Chanos S.A.

112 Thessalonikis Street

18345 Moschato

Athens

GREECE

\+ 30 210 958 6773

[www.chanos.gr](http://www.chanos.gr/ "www.chanos.gr")

Rain gear

Coriex Srl

Via Molveno, 4

Mestrino (PD) 35035

ITALY

\+ 39 049 900 3288

[www.coriex.it](http://www.coriex.it/ "www.coriex.it")

Bags

Emor SA de CV

Chopo 461-A

Santa María Insurgentes

CDMX 6430

MEXICO

\+ 52 55 5282 6200

[www.tane.com.mx](http://www.tane.com.mx/ "www.tane.com.mx")

Jewelry

Guangzhou Ao Yi Mei Trading Co., Ltd

Rm 209, No.38 HuiFuXi Rd, YueXiu Dist

Guangzhou 510220

CHINA

\+ 86 20 8109 9909

Eyewear

HBM Italia Srl

Via Trento 68

Meda (MB) 20821

ITALY

\+ 39 02 8940 1330

[www.hbm-italia.com](http://www.hbm-italia.com/ "www.hbm-italia.com")

Mannequins

Industria De Diseño Textil, S.A.

Avda. de la Diputación, s/n

Coruña 15142 A

SPAIN

\+ 34 981 18 5400

[www.inditex.com](http://www.inditex.com/ "www.inditex.com")

T-Shirts

it.Apparels Limited

31/F, Tower A, Southmark

11 Yip Hing Street

Wong Chuk Hang

HONG KONG

\+ 852 3199 1991

[www.ithk.com](http://www.ithk.com/ "www.ithk.com")

Apparel, footwear and accessories

it.Apparels Limited

31/F, Tower A, Southmark

11 Yip Hing Street

Wong Chuk Hang

HONG KONG

\+ 852 3199 1991

[www.ithk.com](http://www.ithk.com/ "www.ithk.com")

Footwear, bags and umbrella

Itochu Fashion System Co., Ltd.

Itochu Building

17F, 2-5-1 Kitaaoyama

Minato-Ku, Tokyo

JAPAN

\+ 81 3 3497 4000

[www.ifs.co.jp](http://www.ifs.co.jp/ "www.ifs.co.jp")

Medical scrubs and polo shirts

Itochu Fashion System Co., Ltd.

Itochu Building

17F, 2-5-1 Kitaaoyama

Minato-Ku, Tokyo

JAPAN

\+ 81 3 3497 4000

[www.ifs.co.jp](http://www.ifs.co.jp/ "www.ifs.co.jp")

Bags, Hats and caps

KKLEM COMPANY INC.

B1, 73, Yeongmal-ro, Eunpyeong-gu

Seoul

REPUBLIC OF KOREA

\+ 82 2 326 0304

Apparel

Lokai Holdings LLC

180 Varick Street, Suite 504

New York, NY

UNITED STATES OF AMERICA

1 201 397 3684

[www.mylokai.com](http://www.mylokai.com/ "www.mylokai.com")

Jewelry

Olimpia Importação, Distribuição e Comercialização De Oculos e Acessorios S/A

Rua dos Pinheiros, 272

Cep: 05422-000

Pinheiros - São Paulo

BRAZIL

\+ 55 11 3045 9372

[www.livo.com.br](http://www.livo.com.br/ "www.livo.com.br")

Eyewear

PG Fashion Co., LTD

20F, No. 1-137, Zhonghua Rd.

Yongkang Dist.

Tainan City 710

TAIWAN PROVINCE, REPUBLIC OF CHINA

\+ 886 6 312 3668

[www.pgmall.com.tw](http://www.pgmall.com.tw/ "www.pgmall.com.tw")

Bags

PPW Sports & Entertainment (China) Limited

Room 2202-2203, Oversea Friendship Building

No. 12 Ying Chun Road, Luohu

Shenzhen 518001

CHINA

\+ 86 755 8236 3980

[www.ppgl.com](http://www.ppgl.com/ "www.ppgl.com")

Bags

Pull&Bear España, S.A.

Avda. de la Diputación, s/n

Coruña 15142 A

SPAIN

\+ 34 981 334 900

[www.pullbear.com](http://www.pullbear.com/ "www.pullbear.com")

T-shirts and Sweatshirts

PUMA SE

Puma Way 1

Herzogenaurach 91074

GERMANY

[www.puma.com](http://www.puma.com/ "www.puma.com")

Apparel, footwear and accessories

Rollie Nation Pty Ltd

Level 1, 119 Ferrars Street

Southbank VIC 3006

AUSTRALIA

\+ 61 3 9687 8522

[www.rollienation.com](http://www.rollienation.com/ "www.rollienation.com")

Footwear

St. Barth Srl

Via Comelico, 3

Milan 20135

ITALY

\+ 39 02 3653 6133

[www.mc2saintbarth.com](http://www.mc2saintbarth.com/ "www.mc2saintbarth.com")

Beachwear, Beach accessories

Tempe, S.A.

Avda. de la Diputación - Edificio Inditex

Arteixo (A Coruña) 15142

SPAIN

\+ 34 9 6665 7508

[www.tempe.es](http://www.tempe.es/ "www.tempe.es")

Footwear

Unique Vintage

2830 North Ontario Street

Burbank, CA

UNITED STATES OF AMERICA

\+ 1 818 736 4218

[www.uniquevintage.com](http://www.uniquevintage.com/ "www.uniquevintage.com")

Apparel

Via Mia Brasil A Fora Serviços de Franquias Ltda

Avenida das Americas, 500

bloco 11 - sala 105 - Barra da Tijuca

Rio de Janeiro Cep: 22640-100

BRAZIL

\+ 55 21 2122 4501

[www.viamia.com.br](http://www.viamia.com.br/ "www.viamia.com.br")

Footwear/Bags

### Beauty

* * *

AMNCO Co., Ltd.

801, 19 Jeongbalsan-ro, Ilsandong-gu

Goyang-city, Gyeonggi-do 10402

REPUBLIC OF KOREA

\+ 82 31 919 0996

[www.amnco.kr](http://www.amnco.kr/ "www.amnco.kr")

Skincare

Butter London LLC

3535 Factoria Boulevard

Suite 440

Bellevue, WA

UNITED STATES OF AMERICA

\+ 1 206 826 4851

[www.butterlondon.com](http://www.butterlondon.com/ "www.butterlondon.com")

Cosmetics

Guangzhou Kadilian Cosmetics Co., Ltd

No.2-3 Huasheng South Road

Donghua Industrial Park

Renhe Town Baiyun district Guangzhou City

Guangdong Province

CHINA

\+ 81 6 20 8501 5388

[www.carslan.com.cn](http://www.carslan.com.cn/ "www.carslan.com.cn")

Cosmetics

LG Household & Health Care

LG GwangHwaMoonBuilding

92, Sinmunno 2-ga

Jongno-nu 110-062

REPUBLIC OF KOREA

\+ 82 2 6924 6976

[http://www.lgcare.com](http://http//www.lgcare.com "http://www.lgcare.com")

Cosmetics

On & Off Beauty Ltd(Subsidiary of Bubble T Cosmetics Ltd)

Unit 1 Broadbent Close, 20-22 Highgate

High Street

London N6 5JW

UNITED KINGDOM

\+ 44 02 0386 92210

[www.bubbletcosmetics.com](http://www.bubbletcosmetics.com/ "www.bubbletcosmetics.com")

Bath related items

Quest Industria De Perfumes e Cosmeticos Ltda - EPP

Rua Fradique Coutinho, 50

Pinheiros

São Paulo CEP 05.416-000

BRAZIL

\+ 55 11 3831 2653

[www.studio35cosmeticos.com.br](http://www.studio35cosmeticos.com.br/ "www.studio35cosmeticos.com.br")

Nail polish

Sephora USA, Inc.

525 Market Street

32nd Floor

San Francisco, CA

UNITED STATES OF AMERICA

\+ 1 415 284 3300

[www.sephora.com](http://www.sephora.com/ "www.sephora.com")

Makeup foundation products

Sociedad de Inversiones DJ SpA

Calle Nueva 1661, Torre B y C

Huechuraba, RM

Santiago de Chile

CHILE

\+ 56 22 892 2400

[www.dbschile.cl](http://www.dbschile.cl/ "www.dbschile.cl")

Cosmetic and beauty accessories

### Home & Lifestyle

* * *

Aekyung Ind. Co., Ltd.

242, Gamasan-ro, Guro-gu

Seoul

REPUBLIC OF KOREA

\+ 82 2 818 1700

[www.aekyung.kr](http://www.aekyung.kr/ "www.aekyung.kr")

Toothbrushes

Alluflon S.p.A.

Loc. Pianaccio 7

Mondavio (PU)

ITALY

\+ 39 0721 9801

[www.alluflon.com](http://www.alluflon.com/ "www.alluflon.com")

Cooking pots and pans

AMNCO Co., Ltd.

801, 19 Jeongbalsan-ro, Ilsandong-gu

Goyang-city 10402

REPUBLIC OF KOREA

\+ 82 31 919 0996

[www.amnco.kr](http://www.amnco.kr/ "www.amnco.kr")

Accessories

Bimar Srl

Via G. Amendola 16-18

Colombare di Sirmione (BS) 25019

ITALY

\+ 39 03 0990 4555

[www.bimaritaly.it](http://www.bimaritaly.it/ "www.bimaritaly.it")

Small kitchen appliances

Björna ASP

Skovdalsvej 22

Odder 8300

DENMARK

\+ 45 2612 9853

[www.bjorna.dk](http://www.bjorna.dk/ "www.bjorna.dk")

Bedding and bath related items

Brand Collection Ltd T/A Redland

Unit 1, Ocean Business house

Bentley Way

Barnet EN5 5FP

UNITED KINGDOM

\+ 441 208 3700 285

Luggage and bags

Brinox Metalúrgica S.A.

ROD RSC-453 KM80, N°.32503

Nossa Senhora da Saúde - Caxias do Sul

Rio Grande do Sul

BRAZIL

\+ 55 54 4009 7000

[www.grupobrinox.com.br](http://www.grupobrinox.com.br/ "www.grupobrinox.com.br")

Drinking and household containers/Bathroom articles

Clementoni Spa

Zona Industriale le Fontenoce SNC

Recanati (MC) 62019

ITALY

\+ 39 07 175 811

[www.clementoni.it](http://www.clementoni.it/ "www.clementoni.it")

Puzzles

Comercial Windsor Ltda

General Mackena 1238

Santiago

CHILE

\+ 56 2 229 121100

[http://www.comercialwindsor.cl](http://http//www.comercialwindsor.cl "http://www.comercialwindsor.cl")

Bedding and bath related items

Compagnia del Viaggio srl

Via Senna 16-18

Sesto Fiorentino

Florence

ITALY

\+ 39 05 531 8614

[www.compagniadelviaggio.it](http://www.compagniadelviaggio.it/ "www.compagniadelviaggio.it")

Luggage and travel related items

Copenhagen Design ApS

Adelgade 13

Koldin DK-6000

DENMARK

\+ 45 22 77 21 14

[www.copenhagen.design](http://www.copenhagen.design/ "www.copenhagen.design")

Tableware

Cryptozoic Entertainment LLC

25351 Commerce Centre Drive Suite 250

Lake Forest, CA

UNITED STATES OF AMERICA

\+ 1 949 385 6000

[www.cryptozoic.com](http://www.cryptozoic.com/ "www.cryptozoic.com")

Tabletop board game

Dataplus Supplies, Inc.

9F 279 Hsin Yi Rd., Sec. 4

Taipei

TAIWAN PROVINCE, REPUBLIC OF CHINA

\+ 886 2 2700 5120

[www.dataplus.com.tw](http://www.dataplus.com.tw/ "www.dataplus.com.tw")

Mobile device accessories

ESI Cases and Accessories Inc.

44 East 32nd Street, 6th Floor

New York, NY

UNITED STATES OF AMERICA

\+ 1 973 586 0055

[www.esicellular.com](http://www.esicellular.com/ "www.esicellular.com")

Mobile device accessories

Forma Italia Srl

Via A.Volta, 9

Pollenza (MC) 62100

ITALY

\+ 39 07 3320 1630

[www.egan.it](http://www.egan.it/ "www.egan.it")

Tableware and homeware

Guardachuvaria Contornos LTDA EPP

Av. Encantado, 35 - Porto Alegre

CEP: 90470-020

Rio Grande Do Sul

BRAZIL

\+ 55 51 3331 1538

[www.guardachuvaria.com.br](http://www.guardachuvaria.com.br/ "www.guardachuvaria.com.br")

Umbrella

Hot Topic Australia Pty Ltd

1808 Princes Hwy

Clayton VIC 3168

AUSTRALIA

\+ 61 3 8561 7333

[http://www.zakau.com.au/](http://http//www.zakau.com.au/ "http://www.zakau.com.au/")

Dinnerware, serveware and containers

Itochu Fashion System Co., Ltd.

Itochu Building

17F, 2-5-1 Kitaaoyama

Minato-Ku, Tokyo

JAPAN

\+ 81 3 3497 4000

[www.ifs.co.jp](http://www.ifs.co.jp/ "www.ifs.co.jp")

Towel, Apron, Underwear, Slipper, Cushion

Itochu Fashion System Co., Ltd.

Itochu Building

17F, 2-5-1 Kitaaoyama

Minato-Ku, Tokyo

JAPAN

\+ 81 3 3497 4000

[www.ifs.co.jp](http://www.ifs.co.jp/ "www.ifs.co.jp")

Electronic accessories

JRSK, INC. d/b/a Away

503 Broadway, Floor 3

New York, NY

UNITED STATES OF AMERICA

1 551 206 6612

[www.awaytravel.com](http://www.awaytravel.com/ "www.awaytravel.com")

Luggage and travel related items

Kentia S.A.

17 Lefkados Street

Athens 18346

GREECE

\+ 30 210 483 2832

[www.kentia.gr](http://www.kentia.gr/ "www.kentia.gr")

Bedding and bath related items

LF Furniture Holding Limited

Vistra Corporate Services Centre

Wickhams Cay II, Road Town

Tortola VG1110

VIRGIN ISLANDS (BRITISH)

[www.lfproducts.com](http://www.lfproducts.com/ "www.lfproducts.com")

Furniture

Mesuca Sports Guangdong Co., Ltd.

No. 123 Mesuca Building

Yingbin Avenue, Huadu District

Guangzhou

CHINA

\+ 86 0 20 2223 5888

[www.mesuca.com](http://www.mesuca.com/ "www.mesuca.com")

Sporting equipment and toys

MH&CO. Ltd.

14th FL, D-Cube City, 662, Gyeongin-ro

Guro-gu, Seoul

REPUBLIC OF KOREA

\+ 82 2 6345 9800

[www.MHnCO.co.kr](http://www.mhnco.co.kr/ "www.MHnCO.co.kr")

Umbrella/Kitchen and home accessories

Miniso Hong Kong Limited

Room 3A-2, 12/F., Kaiser Centre, 18 Centre Street

Des Voeux Road West

Hong Kong

HONG KONG

\+ 86 20 3622 8788

[www.miniso.com](http://www.miniso.com/ "www.miniso.com")

Home, Seasonal, Digital, Stationery and Gifts, Bags and Accessories, Beauty, Apparel products

Niclam srl

Via Magellano, 3/AB Int. 4

Cesano Boscone (MI) 20090

ITALY

\+ 39 02 450 3960

[www.niclam.it](http://www.niclam.it/ "www.niclam.it")

Towel racks, paper and brush holders/Toilet seats

Party City Holdings Inc.

80 Grasslands Road

Elmsford, NY

UNITED STATES OF AMERICA

\+ 1 914 784 4171

[www.partycity.com](http://www.partycity.com/ "www.partycity.com")

Party Goods

Pepper Style by Bisetti Srl

Via Nichini 11

Pettenasco (NO) Pettenasco (NO)

ITALY

\+ 39 03 238 9116

[www.bisetti.com](http://www.bisetti.com/ "www.bisetti.com")

Salt and pepper grinders, cutting boards, kitchen knives

Perfect Match Ltd.

Moskovska 21

Sofia 1000

BULGARIA

\+ 35 98 9549 6100

[www.matchframestudio.com](http://www.matchframestudio.com/ "www.matchframestudio.com")

Tableware

Promoline Srl

Strada Consorziale del Novarino 16

Merate (Lecco) 23807

ITALY

\+ 39 39 928 4669

[www.promoline.net](http://www.promoline.net/ "www.promoline.net")

Home organization storage boxes and cases

Running Press, an Imprint of Perseus Books LLC

2300 Chestnut Street, Ste 200

Philadelphia, PA

UNITED STATES OF AMERICA

\+ 1 215 567 5080

[https://www.hachettebookgroup.com/imprint/perseus/running-press/](http://https//www.hachettebookgroup.com/imprint/perseus/running-press/ "https://www.hachettebookgroup.com/imprint/perseus/running-press/")

Mini kit of wooden magnets

SM Brand Marketing Co., Ltd.

648, Samseong-ro, Gangnam-gu

Seoul 6084

REPUBLIC OF KOREA

\+ 82 2 6240 9813

[www.smtown.com](http://www.smtown.com/ "www.smtown.com")

Accessories

Spinrite Yarns L.P.

320 Livingstone Avenue South

Listowel N4W 3H3

CANADA

\+ 1 416 782 2969

[www.yarnspirations.com](http://www.yarnspirations.com/ "www.yarnspirations.com")

Yarn and yarn accessories/kits

The FHE Group Inc.

260 Spinnaker Way, Units 2-5

Concord L4K 4P9

CANADA

\+ 1 416 749 1505

[www.thefhegroup.com](http://www.thefhegroup.com/ "www.thefhegroup.com")

Storage related items

Titanio S.A.

Monseñor Escrivá de Balaguer 13051

Of. 215, Lo Barnechea

Santiago

CHILE

\+ 56 223 338 582

[www.titaniosa.cl](http://www.titaniosa.cl/ "www.titaniosa.cl")

Tableware and bath related items/Umbrella

Toyeast Limited

RM B, 1/F

Mow Hing Factory Building

205 Wai Yip Street, Kwun Tong

Hong Kong

HONG KONG

\+ 852 2389 9310

[www.toyeast.com](http://www.toyeast.com/ "www.toyeast.com")

Scaled Model Car

Vincenzo Zucchi S.p.A.

Via Legnano 24

Rescaldina (MI) 20027

ITALY

\+ 39 02 8688 2013

[www.zucchibassetti.com](http://www.zucchibassetti.com/ "www.zucchibassetti.com")

Kitchen and home accessories/Bedding and bath related items

Winner Concept Hong Kong Limited

Flat C6, 5/F

Hong Kong Industrial Centre

489-491 Castle Peak Road

Kowloon

HONG KONG

\+ 852 2407 1118

[www.winnerconcept.com.hk](http://www.winnerconcept.com.hk/ "www.winnerconcept.com.hk")

Travel storage bags/boxes/Umbrellas/Mobile device accessories/Earphones/Smartwatch strap

Xinjiang Xinyuesilu Co., Ltd

No. 1 Industrial Park, Huangcheng

West Road

Alar City

CHINA

\+ 86 18 0 4224 3009

Bathroom articles

### Hospitality

* * *

Ascot Hotel S.A.

S0.02 31 Rue Jean Stas

Brussels 1060

BELGIUM

\+ 32 2 541 48 98

[www.pantonehotel.com](http://www.pantonehotel.com/ "www.pantonehotel.com")

Hotel and hotel services

### Stationery, Publishing, Home Office & Back-to-School

* * *

Abrams

115 West 18th Street

6th Floor

New York, NY

UNITED STATES OF AMERICA

\+ 1 212 206 7715

[www.abramsbooks.com](http://www.abramsbooks.com/ "www.abramsbooks.com")

Book products for ages 0-5

Brown Trout Publishers

201 Continental Blvd.

El Segundo, CA

UNITED STATES OF AMERICA

\+ 1 800 777 7812

[www.browntrout.com](http://www.browntrout.com/ "www.browntrout.com")

Calendars, engagement books and planners

Chronicle Books

680 Second Street

San Francisco, CA

UNITED STATES OF AMERICA

\+ 1 415 537 4200

[www.chroniclebooks.com](http://www.chroniclebooks.com/ "www.chroniclebooks.com")

Books and journals

Datanova S.r.l.

via De togni 27

Milan 20123

ITALY

\+ 39 02 890 1339

[www.guidotommasi.it](http://www.guidotommasi.it/ "www.guidotommasi.it")

Cookbook

Distribuidora Gráfica S.A.

Calle Venancio Avila 1970

Urb. Chacra Rios

Lima

PERU

\+ 51 1 339 7457

Stationery Articles/Gift Wrap and Gift Bags

Graffiti S.A.

17klm, Marathonos Ave

Pallini 153 51

GREECE

\+ 30 210 666 4944

Bags

Gut Distribution srl

Viale Ortles 52/54

Milan 20139

ITALY

\+ 39 02 574 9511

[www.gutdistribution.com](http://www.gutdistribution.com/ "www.gutdistribution.com")

Stationery articles

Industrias Danpex SA de C.V.

Norte 59 no. 846-A, Col. Industrial Vallejo

CDMX 2300

MEXICO

\+ 52 55 5719 0014

[www.danpex.com.mx](http://www.danpex.com.mx/ "www.danpex.com.mx")

Notebooks, binders, agendas and diaries

Jong Ie Nara Co., Ltd.

42, Mokhaengsandan2-ro

Chungju-si

Chungcheongbuk-do

REPUBLIC OF KOREA

\+ 82 70 7094 6579

[www.jongienara.co.kr](http://www.jongienara.co.kr/ "www.jongienara.co.kr")

Back-to-school goods

Penguin Young Readers Group

345 Hudson Street

New York, NY

UNITED STATES OF AMERICA

\+ 1 212 782 9000

[www.penguinrandomhouse.com](http://www.penguinrandomhouse.com/ "www.penguinrandomhouse.com")

Custom covered classic book series

PG Fashion Co., LTD

20F, No. 1-137, Zhonghua Rd.

Yongkang Dist.

Tainan City 710

TAIWAN PROVINCE, REPUBLIC OF CHINA

\+ 886 6 312 3668

[www.pgmall.com.tw](http://www.pgmall.com.tw/ "www.pgmall.com.tw")

Stationery articles

Photo Pack S.A. de C.V.

Goethe #91, Anzures

Miguel Hidalgo

CDMX C.P. 11590

MEXICO

\+ 52 55 5359 5978

[www.urbania.com.mx](http://www.urbania.com.mx/ "www.urbania.com.mx")

Bags

Photobox Ltd.

Bridge House

63-65 North Wharf Road

London W2 1LA

UNITED KINGDOM

[www.photobox.com](http://www.photobox.com/ "www.photobox.com")

Print on demand photo books

Projeto de Papel Papelaria Eireli

Rua General Bruce, 810

São Cristóvão

Rio de Janeiro

BRAZIL

\+ 55 21 2201 2155

[www.ciceropapelaria.com.br](http://www.ciceropapelaria.com.br/ "www.ciceropapelaria.com.br")

Travel related items/Notebooks, binders, agendas and diaries

Quirk Productions, Inc. d/b/a Quirk Books

215 Church Street

1st Floor

Philadelphia, PA

UNITED STATES OF AMERICA

\+ 1 215 627 3581

[www.quirkbooks.com or www.irreference.com](http://www.quirkbooks.com%20or%20www.irreference.com/ "www.quirkbooks.com or www.irreference.com")

Colorstrology birthday book

Rhein Chile S.A.

Las Dalias #3040

Macul, RM

Santiago de Chile

CHILE

\+ 56 2 2595 1000

[www.rhein.cl](http://www.rhein.cl/ "www.rhein.cl")

Back-to-school goods